,City,Cloudiness,Country,Date,Humidity,Latitude,Longitude,Max Temp (F),Wind Speed (mph)
0,nikolskoye,90,RU,1577669482,94,59.7,30.79,32,13.42
1,taolanaro,,,,,,,,
2,khatanga,42,RU,1577669477,97,71.98,102.47,-32.57,6.46
3,arraial do cabo,20,BR,1577669538,88,-22.97,-42.02,77,10.29
4,punta arenas,8,CL,1577669418,47,-53.16,-70.91,55.4,11.41
5,bluff,25,AU,1577669539,42,-23.58,149.07,87.96,12.44
6,yellowknife,75,CA,1577669353,75,62.45,-114.38,-18,4
7,sitka,26,US,1577669781,74,37.17,-99.65,33.01,11.99
8,busselton,92,AU,1577669420,27,-33.64,115.35,75.99,9.08
9,sorland,75,NO,1577669779,81,67.67,12.69,43.39,29.62
10,hobart,0,AU,1577669250,34,-42.88,147.33,100,11.41
11,benicarlo,17,ES,1577669938,85,40.42,0.43,46.99,3.04
12,hithadhoo,100,MV,1577669537,75,-0.6,73.08,82.94,8.61
13,belushya guba,,,,,,,,
14,mahebourg,75,MU,1577669418,100,-20.41,57.7,77,26.4
15,ribeira grande,79,PT,1577669540,69,38.52,-28.7,54.81,7.83
16,port alfred,10,ZA,1577669719,96,-33.59,26.89,69.01,1.01
17,ponta delgada,20,PT,1577669939,87,37.73,-25.67,50,6.93
18,jiddah,,,,,,,,
19,torbay,90,CA,1577669422,92,47.66,-52.73,32,25.28
20,tam ky,75,VN,1577669939,78,15.57,108.48,75.2,2.24
21,cape town,0,ZA,1577669479,77,-33.93,18.42,66.99,17.22
22,halifax,90,CA,1577669844,68,44.65,-63.58,30.99,11.41
23,vaini,5,IN,1577669422,93,15.34,74.49,62.6,6.49
24,ponta do sol,14,BR,1577669418,90,-20.63,-46,65.23,3.67
25,cidreira,0,BR,1577669417,89,-30.17,-50.22,75.09,23.24
26,iqaluit,40,CA,1577669323,77,63.75,-68.52,0,2.24
27,ucluelet,90,CA,1577669897,100,48.94,-125.55,46.99,3.36
28,hermanus,48,ZA,1577669423,89,-34.42,19.24,66,1.01
29,new norfolk,28,AU,1577669660,21,-42.78,147.06,100,5.01
30,roma,0,IT,1577669884,59,41.89,12.48,43,5.82
31,ushuaia,43,AR,1577669273,57,-54.81,-68.31,51.8,6.93
32,chokurdakh,65,RU,1577669659,84,70.62,147.9,-30.41,7.07
33,omsukchan,0,RU,1577669940,36,62.53,155.8,-22.09,0.89
34,los llanos de aridane,100,ES,1577669940,45,28.66,-17.92,66.2,6.93
35,attawapiskat,,,,,,,,
36,heihe,0,RU,1577669940,67,50.24,127.51,-22,4.47
37,denpasar,20,ID,1577669771,79,-8.65,115.22,86,3.36
38,chunoyar,100,RU,1577669941,93,57.45,97.32,-12.24,1.61
39,sampit,31,ID,1577669941,72,-2.54,112.95,87.82,0.56
40,esperance,90,AU,1577669542,42,-33.86,121.89,68,12.75
41,sao filipe,0,CV,1577669478,67,14.9,-24.5,71.49,12.26
42,mar del plata,59,AR,1577669437,62,-46.43,-67.52,60.76,5.73
43,avarua,100,CK,1577669599,78,-21.21,-159.78,77,3.36
44,shimoda,75,JP,1577669941,87,34.7,138.93,50,11.41
45,gat,100,SN,1577669941,40,14.69,-16.54,73.4,11.41
46,piacabucu,47,BR,1577669942,84,-10.41,-36.43,76.91,6.62
47,hilo,40,US,1577669424,54,19.71,-155.08,82.4,8.05
48,toora-khem,94,RU,1577669942,84,52.47,96.11,-15.48,2.1
49,sabha,0,LY,1577669942,60,27.03,14.43,41.79,8.05
50,puerto ayora,75,EC,1577669420,83,-0.74,-90.35,77,3.36
51,mys shmidta,,,,,,,,
52,san patricio,0,PY,1577669781,52,-26.98,-56.83,81.7,5.32
53,kahului,40,US,1577669998,51,20.89,-156.47,84.2,24.16
54,aklavik,75,CA,1577669998,68,68.22,-135.01,-16.6,6.93
55,castro,20,CL,1577669480,76,-42.48,-73.76,55.4,4.7
56,rikitea,100,PF,1577669411,78,-23.12,-134.97,77.41,5.75
57,darnah,57,LY,1577669998,66,32.77,22.64,55.85,25.66
58,faanui,100,PF,1577669661,76,-16.48,-151.75,81.73,12.24
59,provideniya,0,RU,1577669446,60,64.42,-173.23,10.4,6.71
60,illoqqortoormiut,,,,,,,,
61,upernavik,100,GL,1577669481,78,72.79,-56.15,14.22,14.43
62,soddy-daisy,90,US,1577669998,83,35.24,-85.19,71.6,18.34
63,geraldton,90,CA,1577669718,85,49.72,-86.95,15.8,18.34
64,constitucion,5,MX,1577669601,18,23.99,-104.67,60.8,12.75
65,zhezkazgan,90,KZ,1577669999,85,47.8,67.71,10.4,8.95
66,milos,100,GR,1577669999,66,36.75,24.43,50,32.21
67,kapaa,20,US,1577669422,69,22.08,-159.32,82.4,9.17
68,bethel,1,US,1577669479,68,60.79,-161.76,-14.8,17.22
69,ostrovnoy,100,RU,1577669537,94,68.05,39.51,33.55,13.6
70,giyani,87,ZA,1577669999,84,-23.32,30.73,68.81,7
71,bredasdorp,67,ZA,1577669415,77,-34.53,20.04,68,6.93
72,hofn,100,IS,1577669999,95,64.25,-15.21,36.91,16.8
73,yumen,0,CN,1577669999,55,40.29,97.04,12.74,20.49
74,nantucket,90,US,1577669999,69,41.28,-70.1,39.2,6.24
75,kushima,75,JP,1577669999,87,31.5,131.29,59,3.36
76,clyde river,20,CA,1577670000,61,70.47,-68.59,12.2,9.17
77,butaritari,100,KI,1577669478,76,3.07,172.79,83.7,11.86
78,puri,82,ID,1577670000,64,-7.54,112.45,87.35,3.89
79,jamestown,68,AU,1577669419,14,-33.21,138.6,102.94,21.5
80,paita,100,PE,1577670000,75,-5.09,-81.11,74.19,10.33
81,chimbote,99,PE,1577670000,80,-9.08,-78.59,70.47,6.71
82,leningradskiy,100,RU,1577669542,92,69.38,178.42,-19.41,26.24
83,nakusp,31,CA,1577670000,98,50.24,-117.8,13.62,1.07
84,tsaratanana,77,MG,1577670000,89,-16.8,47.65,71.15,1.86
85,mataura,91,NZ,1577669413,73,-46.19,168.86,60.01,21
86,mullaitivu,,,,,,,,
87,majene,56,ID,1577670001,71,-3.54,118.97,84.87,4.83
88,kodiak,90,US,1577669419,69,39.95,-94.76,34,13.87
89,faya,96,SA,1577670001,70,18.39,42.45,51.8,5.82
90,batagay,0,RU,1577670001,77,67.65,134.64,-26.41,4.21
91,lebu,20,ET,1577669478,58,8.96,38.73,55.4,11.41
92,lima,40,PE,1577669779,88,-12.06,-77.04,69.8,12.75
93,qaanaaq,100,GL,1577669598,89,77.48,-69.36,-10.28,1.34
94,port lincoln,27,AU,1577669659,52,-34.72,135.86,77.59,22.84
95,kudahuvadhoo,97,MV,1577670001,75,2.67,72.89,83.03,16.89
96,kruisfontein,86,ZA,1577669432,98,-34,24.73,63.16,0.94
97,pemangkat,,,,,,,,
98,iquique,40,CL,1577669938,64,-20.22,-70.14,71.6,2.66
99,puerto escondido,75,MX,1577670002,74,15.86,-97.07,80.6,3.36
100,airai,99,TL,1577670057,77,-8.93,125.41,76.86,4.43
101,atuona,4,PF,1577670057,74,-9.8,-139.03,80.73,12.82
102,biak,87,ID,1577670057,72,-0.91,122.88,82.92,3.89
103,toba,75,JP,1577670058,87,34.47,136.83,46,10.29
104,high rock,96,BS,1577670058,74,26.63,-78.28,76.46,17.9
105,messina,75,IT,1577670058,72,38.19,15.55,50,6.93
106,la ronge,75,CA,1577669779,92,55.1,-105.3,19.4,4.7
107,barbar,,,,,,,,
108,tiznit,0,MA,1577670058,20,29.7,-9.73,55.83,4.45
109,elban,100,RU,1577670058,94,50.1,136.51,-1.48,1.63
110,turukhansk,100,RU,1577670058,95,65.8,87.96,-7.89,13.29
111,les cayes,0,HT,1577670058,72,18.19,-73.75,81.19,10.74
112,chokwe,,,,,,,,
113,burica,,,,,,,,
114,lata,0,IN,1577669781,29,30.78,78.62,16.9,6.82
115,raduzhnyy,100,RU,1577670059,88,62.1,77.47,1.06,11.25
116,kaduna,0,NG,1577670059,20,10.52,7.44,59.22,7.99
117,albany,90,US,1577669401,80,42.65,-73.75,35.6,4.7
118,itambe,71,BR,1577670059,99,-15.24,-40.62,63.52,1.25
119,ziro,0,IN,1577670059,37,27.54,93.82,55.38,2.1
120,barentsburg,,,,,,,,
121,beringovskiy,0,RU,1577669602,88,63.05,179.32,-9.33,22.73
122,teya,40,MX,1577670059,83,21.05,-89.07,77,3.36
123,tasiilaq,83,GL,1577669435,53,65.61,-37.64,23,5.82
124,tura,0,RU,1577670060,91,64.27,100.22,-30.03,5.73
125,albury,0,AU,1577670060,8,-36.08,146.92,107.01,16.11
126,fukue,75,JP,1577670060,87,35.03,136.69,54,10.29
127,marathopolis,,,,,,,,
128,chumikan,100,RU,1577670060,84,54.72,135.31,-9.35,6.44
129,alyangula,40,AU,1577670060,63,-13.85,136.42,91.4,8.05
130,samusu,,,,,,,,
131,itacoatiara,100,BR,1577670060,96,-3.14,-58.44,75.07,1.74
132,gagarin,100,RU,1577670060,93,55.55,35,21.38,13.24
133,bengkulu,,,,,,,,
134,pacific grove,90,US,1577670017,87,36.62,-121.92,54,4.7
135,georgetown,100,GY,1577669901,94,6.8,-58.16,80.6,4.7
136,tieling,26,CN,1577670061,89,42.29,123.84,-4.07,4.32
137,new glasgow,100,CA,1577670061,83,45.59,-62.65,26.01,7
138,rawah,,,,,,,,
139,kaitangata,72,NZ,1577669601,70,-46.28,169.85,57.99,15.01
140,beisfjord,100,NO,1577670061,81,68.38,17.6,42.8,39.15
141,coolum beach,95,AU,1577670061,62,-26.53,153.09,86,1.99
142,marcona,,,,,,,,
143,burnie,49,AU,1577670062,33,-41.05,145.91,84,8.99
144,lagoa,0,PT,1577669718,81,37.14,-8.45,55,8.05
145,sola,90,TZ,1577669660,77,-3.17,33.8,65.89,5.28
146,saskylakh,90,RU,1577669659,92,71.97,114.09,-28.55,5.37
147,urdzhar,,,,,,,,
148,fallon,1,US,1577670062,92,46.84,-105.12,18,12.75
149,norman wells,75,CA,1577669432,62,65.28,-126.83,-14.8,25.28
150,saint-philippe,90,CA,1577670117,68,45.36,-73.48,30,13.87
151,nara,75,JP,1577670117,93,34.68,135.8,50,3.36
152,dikson,100,RU,1577669598,92,73.51,80.55,-1.34,31.07
153,amderma,,,,,,,,
154,saint george,40,GR,1577670073,48,39.45,22.34,41,23.04
155,severo-kurilsk,100,RU,1577670118,92,50.68,156.12,25.99,11.74
156,rundu,72,NA,1577670118,74,-17.91,19.77,70.75,3.76
157,lovozero,100,RU,1577669658,98,68.01,35.02,31.77,4.14
158,meulaboh,0,ID,1577669600,77,4.14,96.13,81,5.5
159,olinda,0,AU,1577670118,13,-37.84,145.39,102.99,26.4
160,mount pleasant,1,US,1577669919,65,33.16,-94.97,46.4,8.05
161,tamano,75,JP,1577670118,100,34.49,133.94,52,2.24
162,kavieng,39,PG,1577669438,74,-2.57,150.8,84.4,13.38
163,bambous virieux,75,MU,1577669412,100,-20.34,57.76,77,26.4
164,lazaro cardenas,5,MX,1577669602,39,28.39,-105.62,46.4,10.29
165,senno,100,RU,1577670119,85,57.76,27.95,33.8,11.18
166,presidencia roque saenz pena,100,AR,1577670119,52,-26.79,-60.44,82.83,2.37
167,prince rupert,1,CA,1577670119,87,54.32,-130.32,42.8,8.05
168,inhambane,37,MZ,1577670119,84,-23.87,35.38,76.42,6.53
169,ifakara,100,TZ,1577670119,95,-8.13,36.68,69.48,1.41
170,marawi,0,PH,1577670119,67,8,124.29,80.01,7
171,east london,9,ZA,1577669722,83,-33.02,27.91,70.2,8.66
172,san carlos de bariloche,40,AR,1577669541,39,-41.13,-71.31,66.2,18.34
173,nioki,44,CD,1577670119,97,-2.72,17.69,70.75,2.66
174,dodge city,1,US,1577670038,69,37.75,-100.02,33.8,23.04
175,souillac,0,FR,1577669597,100,45.6,-0.6,39,3.36
176,burla,100,RU,1577670120,96,53.34,78.33,20.08,2.33
177,bali,0,CN,1577670120,97,32.29,119.4,57.99,10.51
178,maniitsoq,61,GL,1577669661,68,65.42,-52.9,19.35,6.04
179,iracoubo,100,GF,1577670120,80,5.48,-53.21,79.74,17.72
180,granada,20,NI,1577670120,78,11.93,-85.96,82.4,6.93
181,luau,100,CD,1577670120,98,-10.7,22.23,65.8,3.76
182,barawe,,,,,,,,
183,juliaca,40,PE,1577670120,70,-15.49,-70.13,46.4,12.75
184,afmadu,,,,,,,,
185,batesville,40,US,1577670121,93,35.77,-91.64,51.01,4.7
186,olafsvik,,,,,,,,
187,neyshabur,0,IR,1577670121,73,36.21,58.79,35.49,3
188,montmagny,4,FR,1577670121,62,48.97,2.34,35.6,4.7
189,jhang,90,PK,1577670121,44,33.67,72.7,37.99,4.7
190,mahur,0,IN,1577670121,55,25.18,93.12,64.47,3.76
191,pitogo,0,PH,1577670121,75,13.79,122.09,81.84,9.01
192,tuktoyaktuk,40,CA,1577670121,74,69.44,-133.03,-22,13.87
193,yulara,0,AU,1577670122,30,-25.24,130.99,95,12.75
194,zhigansk,100,RU,1577670122,94,66.77,123.37,-26.46,20.38
195,batagay-alyta,100,RU,1577670122,80,67.8,130.41,-15.95,4.92
196,sept-iles,20,CA,1577670122,61,50.2,-66.38,15.8,12.75
197,lincoln,6,GB,1577669987,100,53.23,-0.54,43,11.41
198,mabaruma,42,GY,1577670122,98,8.2,-59.78,69.82,1.81
199,araguatins,,,,,,,,
200,cherskiy,4,RU,1577670177,100,68.75,161.3,-34.96,3.42
201,portland,90,US,1577670177,69,43.66,-70.25,35.01,2.82
202,barrow,100,AR,1577670177,90,-38.31,-60.23,67.73,10.18
203,fenyi,100,CN,1577670178,78,27.82,114.69,52.48,2.35
204,vestmannaeyjar,0,IS,1577670178,72,63.44,-20.27,40.87,18.07
205,deputatskiy,1,RU,1577669720,73,69.3,139.9,-25.24,3.53
206,tahta,,,,,,,,
207,vila velha,40,BR,1577670178,74,-3.71,-38.6,86,11.41
208,saldanha,3,PT,1577670178,52,41.42,-6.55,40.68,1.74
209,port elizabeth,90,US,1577670178,93,39.31,-74.98,53.01,10.29
210,boa vista,75,BR,1577670178,62,2.82,-60.67,84.2,10.29
211,chor,0,PK,1577670178,19,25.52,69.77,54.48,8.57
212,port macquarie,0,AU,1577670178,26,-31.43,152.91,97,18.34
213,shingu,75,JP,1577670179,93,33.72,135.99,57.2,12.75
214,cascais,0,PT,1577670179,81,38.7,-9.42,55,4.7
215,dunedin,95,NZ,1577670179,59,-45.87,170.5,62.01,15.99
216,ambodifototra,,,,,,,,
217,asau,,,,,,,,
218,nizhneyansk,,,,,,,,
219,mogadishu,58,SO,1577670026,80,2.04,45.34,80.38,20.54
220,mtama,100,TZ,1577670179,99,-10.3,39.37,71.33,3.98
221,yashan,92,CN,1577670179,67,30.81,118.02,51.51,5.91
222,salalah,41,OM,1577669721,73,17.01,54.1,75.2,10.29
223,saint-pierre,1,FR,1577670179,64,48.95,4.24,32,6.93
224,hambantota,40,LK,1577670179,100,6.12,81.12,69.8,4.7
225,oranjestad,20,AW,1577670180,78,12.52,-70.03,80.6,12.75
226,hammerfest,75,NO,1577670180,96,70.66,23.68,32,13.87
227,huarmey,61,PE,1577670180,84,-10.07,-78.15,67.62,2.35
228,tautira,40,PF,1577669777,70,-17.73,-149.15,86,19.46
229,cabo san lucas,5,MX,1577669601,68,22.89,-109.91,68,6.93
230,thompson,20,CA,1577670180,84,55.74,-97.86,-0.4,2.24
231,north bend,90,US,1577669919,100,43.41,-124.22,48.2,5.82
232,pemba,100,MZ,1577670180,86,-12.97,40.52,77.56,5.53
233,mugur-aksy,95,RU,1577670180,47,50.38,90.44,2.53,7.14
234,yaring,40,TH,1577670181,78,6.87,101.37,80.6,6.93
235,adrar,24,DZ,1577670181,60,27.87,-0.29,50,11.41
236,fairbanks,90,US,1577669996,77,64.84,-147.72,1,4.34
237,ust-shonosha,100,RU,1577670181,83,61.15,41.34,20.46,15.32
238,liverpool,0,GB,1577670181,93,53.41,-2.98,44.01,8.05
239,jalu,0,LY,1577670181,71,29.03,21.55,46.09,15.59
240,samalaeulu,,,,,,,,
241,broome,52,GB,1577669777,86,52.47,1.45,44.01,9.17
242,araouane,0,ML,1577670181,16,18.9,-3.53,61.52,10.25
243,fereydun kenar,72,IR,1577670181,93,36.69,52.52,41,2.24
244,garachine,100,PA,1577670182,83,8.06,-78.36,81.46,12.15
245,visnes,100,NO,1577670182,93,59.36,5.22,48.2,16.11
246,jieshi,100,CN,1577670182,98,22.82,115.83,64.99,1.01
247,meyungs,,,,,,,,
248,svay rieng,17,KH,1577670182,56,11.08,105.8,83.79,4.59
249,sinnamary,100,GF,1577669719,80,5.38,-52.96,79.74,17.72
250,gorom-gorom,0,BF,1577670237,15,14.45,-0.24,64.31,8.77
251,plast,99,RU,1577670237,97,54.37,60.81,-5.33,5.95
252,krasnoarmeysk,90,RU,1577670237,92,56.12,38.15,27,15.66
253,san gabriel,20,US,1577670117,62,34.1,-118.11,60.8,3.47
254,saint andrews,100,NZ,1577670238,89,-44.53,171.19,68,7
255,longyearbyen,0,NO,1577670238,60,78.22,15.63,10.4,21.92
256,kedougou,15,SN,1577670238,21,12.56,-12.19,66.9,2.28
257,berlevag,100,NO,1577670238,71,70.86,29.09,33.44,16.06
258,cruz grande,75,MX,1577670238,78,16.72,-99.13,82.4,6.93
259,luderitz,33,NA,1577669721,90,-26.65,15.16,61.21,19.6
260,gushi,0,CN,1577670239,69,32.17,115.65,49.8,9.57
261,muisne,100,EC,1577670239,86,0.61,-80.02,76.42,9.1
262,malwan,,,,,,,,
263,gushikawa,90,JP,1577670239,88,26.35,127.87,71.6,6.93
264,concepcion del uruguay,100,AR,1577670239,64,-32.48,-58.24,84,1.01
265,carnarvon,0,ZA,1577669780,73,-30.97,22.13,62.53,8.61
266,tiksi,100,RU,1577670239,82,71.64,128.87,-19.93,12.62
267,hasaki,75,JP,1577670239,93,35.73,140.83,42.8,5.82
268,grand gaube,75,MU,1577670239,100,-20.01,57.66,77,26.4
269,markova,10,RU,1577670239,70,52.21,104.21,-2.2,11.18
270,halalo,,,,,,,,
271,chicama,90,PE,1577670240,83,-7.84,-79.15,69.8,6.93
272,goderich,100,CA,1577670240,93,43.74,-81.71,39,25.01
273,chuy,51,UY,1577670240,93,-33.69,-53.46,70.39,4.74
274,nizwa,0,OM,1577670240,86,22.93,57.53,56.46,1.81
275,yalta,99,UA,1577670240,87,46.96,37.27,36.25,16.84
276,evensk,0,RU,1577670240,39,61.92,159.24,-8.61,4.7
277,samana,90,EC,1577670240,96,0.12,-76.97,73.18,0.47
278,maragogi,100,BR,1577670240,77,-9.01,-35.22,79.41,13
279,binga,99,ZW,1577670240,67,-17.62,27.34,78.04,3.65
280,omihachiman,100,JP,1577670241,94,35.15,136.07,48.99,5.55
281,rafaela,100,AR,1577670241,64,-31.25,-61.49,78.01,3
282,san quintin,0,PH,1577670241,55,17.54,120.52,82.81,4.18
283,klaksvik,82,FO,1577670241,81,62.23,-6.59,44.6,29.97
284,vikulovo,22,RU,1577670241,89,55.07,40.96,20.57,6.91
285,elbistan,100,TR,1577670241,99,38.2,37.19,31.33,3.33
286,rochegda,100,RU,1577670241,92,62.67,43.41,17.69,13.09
287,taoudenni,0,ML,1577670241,23,22.68,-3.98,58.53,11.63
288,nemuro,88,JP,1577670241,68,43.32,145.57,26.6,10.29
289,noumea,90,NC,1577669782,48,-22.28,166.46,86,25.28
290,auki,0,NG,1577670241,20,12.18,6.51,59.81,9.89
291,karratha,1,AU,1577670242,87,-20.74,116.85,84.42,10.36
292,vaitupu,,,,,,,,
293,atlantic beach,75,US,1577670240,94,30.33,-81.4,71.6,4.7
294,aswan,42,EG,1577670127,45,24.09,32.9,51.6,8.23
295,kemijarvi,,,,,,,,
296,codrington,98,AU,1577670242,42,-28.95,153.24,84.2,8.05
297,taltal,15,CL,1577670242,91,-25.41,-70.49,56.88,0.38
298,hilton head island,90,US,1577669966,100,32.16,-80.75,69.8,9.17
299,redmond,90,US,1577670236,93,47.67,-122.12,48.2,3.36
300,lompoc,75,US,1577670297,76,34.64,-120.46,55.4,8.05
301,akyab,,,,,,,,
302,torquay,0,GB,1577670298,90,50.47,-3.52,46,5.01
303,ilulissat,61,GL,1577670298,72,69.22,-51.1,17.6,12.75
304,simbahan,33,PH,1577670298,82,6.3,120.58,81.82,17.78
305,kavaratti,98,IN,1577670299,69,10.57,72.64,82.63,2.91
306,victoria,75,BN,1577670261,74,5.28,115.24,86,3.36
307,imbituva,34,BR,1577669781,93,-25.23,-50.6,67.39,4.5
308,vao,100,EE,1577670299,90,59.1,26.19,38.73,15.82
309,santa fe,100,AR,1577670299,75,-31.62,-60.7,80.01,7
310,charters towers,30,AU,1577670299,35,-20.07,146.27,90.81,10.33
311,salinopolis,100,BR,1577670299,78,-0.61,-47.36,82.72,15.32
312,palmer,36,AU,1577670299,14,-34.85,139.16,104,21.92
313,ondjiva,100,AO,1577670299,94,-17.07,15.73,68.18,11.18
314,vallee-jonction,,,,,,,,
315,comodoro rivadavia,41,AR,1577670300,63,-45.87,-67.48,62.6,5.82
316,rock sound,68,BS,1577670300,73,24.9,-76.2,76.64,16.93
317,skiros,,,,,,,,
318,ekhabi,51,RU,1577670300,82,53.51,142.97,-2.34,8.1
319,bacuit,,,,,,,,
320,atasu,100,KZ,1577670300,96,48.68,71.64,9.21,7.36
321,yeppoon,40,AU,1577670300,37,-23.13,150.74,86,16.11
322,haines junction,98,CA,1577669778,96,60.75,-137.51,20.19,11.79
323,puerto narino,75,CO,1577670300,100,-3.77,-70.38,75.2,2.24
324,kalyazin,98,RU,1577670300,83,57.24,37.84,22.32,13.71
325,namtsy,90,RU,1577670301,57,62.72,129.66,-45.4,2.46
326,bolshaya sosnova,5,RU,1577670301,83,57.67,54.6,-7.04,1.48
327,sug-aksy,,,,,,,,
328,katsuura,75,JP,1577670301,93,33.93,134.5,57.2,10.29
329,mantua,14,IT,1577670301,100,45.16,10.79,37,3.36
330,washington,90,US,1577670280,100,38.9,-77.04,54,6.93
331,ravar,0,IR,1577670301,50,31.27,56.81,42.85,2.28
332,shenjiamen,100,CN,1577670301,83,29.96,122.3,53.38,16.98
333,kot diji,0,PK,1577670302,93,27.34,68.71,41,2.89
334,nishihara,1,JP,1577670302,61,35.74,139.53,48,3.36
335,antofagasta,20,CL,1577670302,77,-23.65,-70.4,66.2,8.05
336,antalaha,92,MG,1577670302,74,-14.9,50.28,79.12,6.69
337,guerrero negro,0,MX,1577670302,52,27.97,-114.04,58.21,5.64
338,camana,,,,,,,,
339,vzmorye,,,,,,,,
340,nuuk,100,GL,1577670271,85,64.17,-51.74,17.6,3.36
341,ligaya,90,PH,1577670303,65,6.16,125.21,82.4,9.17
342,khailar,0,IN,1577670303,35,25.35,78.53,47.34,2.73
343,chapais,90,CA,1577670303,78,49.78,-74.86,15.8,5.82
344,bolvasnita,,,,,,,,
345,pevek,100,RU,1577670303,98,69.7,170.27,-24.45,7.49
346,itoman,75,JP,1577670303,88,26.12,127.67,71.6,17.22
347,kambove,100,CD,1577670303,98,-10.88,26.6,63.18,4.47
348,manpur,90,IN,1577670303,93,24.8,85.03,39.2,2.93
349,sorvag,,,,,,,,
350,safaga,,,,,,,,
351,caravelas,2,BR,1577670357,88,-17.73,-39.27,69.96,2.33
352,hervey bay,40,AU,1577670357,42,-25.3,152.85,86,14.99
353,mana,0,NG,1577670358,19,13.03,5.27,60.37,9.01
354,vaitape,100,PF,1577670358,76,-16.52,-151.75,81.73,12.24
355,grand river south east,,,,,,,,
356,moissac,90,FR,1577670358,93,44.11,1.08,42.01,4.7
357,zhongxing,100,CN,1577670358,95,19.57,109.85,69.51,5.93
358,zatoka,95,PL,1577670358,85,50.04,20.52,28,4.41
359,golden,1,US,1577670358,52,39.76,-105.22,28.4,3.36
360,nuevo ideal,0,MX,1577670358,35,24.89,-105.07,46.35,5.77
361,dinsor,,,,,,,,
362,pascagoula,90,US,1577670320,88,30.37,-88.56,71.6,9.17
363,olga,20,US,1577670359,62,34.11,-118.17,60.8,3.47
364,matara,100,BI,1577670359,94,-3.48,29.48,59.22,0.6
365,brae,100,GB,1577670359,76,60.4,-1.35,48.2,26.4
366,komsomolets,16,RU,1577670359,87,52.77,41.29,20.01,3.04
367,badou,16,TG,1577670359,25,7.58,0.61,71.11,3.06
368,kokuy,0,RU,1577670359,89,52.2,117.55,-18.71,1.07
369,abonnema,72,NG,1577670359,80,4.71,6.79,78.03,3.6
370,puerto suarez,71,BO,1577670359,56,-18.96,-57.8,81.9,3.94
371,barranca,94,PE,1577670228,93,-10.75,-77.76,69.22,9.64
372,ruatoria,,,,,,,,
373,laguna,8,BZ,1577670360,98,16.17,-88.94,71.08,1.16
374,hobyo,12,SO,1577670360,84,5.35,48.53,75.9,9.93
375,senanga,55,ZM,1577670360,89,-16.1,23.3,68.41,3.47
376,sindor,100,RU,1577670360,77,62.87,51.9,11.52,13.58
377,bani walid,20,LY,1577670360,75,31.76,14,44.22,8.99
378,touros,75,BR,1577670360,69,-5.2,-35.46,80.6,14.99
379,olutanga,0,PH,1577670360,64,7.31,122.85,84.09,2.66
380,periyapatti,60,IN,1577670360,80,11.22,78.15,73.26,2.53
381,imbituba,20,BR,1577670361,83,-28.24,-48.67,78.8,11.41
382,carbonia,0,IT,1577670361,68,39.17,8.53,37.4,3.36
383,honningsvag,100,NO,1577670361,73,70.98,25.97,32.43,16.73
384,rio grande,12,BR,1577670283,87,-32.03,-52.1,75.99,6.62
385,grand-lahou,60,CI,1577670361,81,5.24,-5,82,8.77
386,alikovo,90,RU,1577670361,92,55.74,46.75,17.6,4.47
387,kabul,0,AF,1577670361,58,34.53,69.18,26.6,3.36
388,nyurba,100,RU,1577670361,95,63.29,118.35,-15.79,7.61
389,san rafael,100,AR,1577670361,44,-34.61,-68.33,80.8,15.43
390,ullapool,100,GB,1577670362,87,57.9,-5.16,54,10
391,broken hill,33,AU,1577670362,10,-31.97,141.45,104,19.46
392,kenora,90,CA,1577670362,92,49.76,-94.48,19.4,16.11
393,szob,55,HU,1577670362,92,47.82,18.87,28,1.7
394,houma,72,CN,1577670086,22,35.63,111.36,32.92,8.28
395,alta floresta,100,BR,1577670362,94,-9.87,-56.08,73.22,1.79
396,yerbogachen,100,RU,1577670362,95,61.28,108.01,-12.68,9.84
397,pokhara,0,NP,1577670193,29,28.21,83.99,54.16,1.5
398,tomatlan,0,MX,1577670363,76,19.93,-105.25,66.52,3
399,rolim de moura,,,,,,,,
400,ayagoz,100,KZ,1577670417,97,47.96,80.43,31.17,18.07
401,the valley,75,AI,1577670417,94,18.22,-63.06,78.01,12.75
402,port-cartier,20,CA,1577670418,61,50.03,-66.88,15.8,12.75
403,okhotsk,100,RU,1577670418,75,59.36,143.24,6.98,6.78
404,naze,41,NG,1577670418,82,5.43,7.07,70.05,1.57
405,quballat,40,TN,1577670418,76,36.54,9.66,50,13.87
406,yakima,90,US,1577670418,74,46.6,-120.51,36,6.93
407,suhbaatar,0,MN,1577670418,88,50.23,106.21,-20.94,7.11
408,port blair,16,IN,1577670418,76,11.67,92.75,81.5,13.87
409,dakar,89,SN,1577670418,40,14.69,-17.45,73.4,11.41
410,sinop,95,TR,1577670418,81,42.03,35.15,45.05,9.73
411,inuvik,75,CA,1577670418,68,68.36,-133.71,-16.6,6.93
412,concordia,100,AR,1577670418,75,-31.4,-58.02,84,3
413,tagbac,75,PH,1577670419,70,7.09,125.16,86,4.7
414,bonavista,99,CA,1577670419,89,48.65,-53.11,30.99,20
415,vardo,90,US,1577670419,93,39.62,-77.74,50,6.93
416,luanda,77,AO,1577670419,77,-8.83,13.24,80.62,2.95
417,margate,33,AU,1577670419,34,-43.03,147.26,100.99,11.41
418,mount isa,38,AU,1577670419,18,-20.73,139.49,98.6,9.17
419,hualmay,70,PE,1577670419,89,-11.1,-77.61,66.2,1.36
420,morro bay,75,US,1577670419,87,35.37,-120.85,55.4,4.7
421,naro,0,BF,1577670419,17,11.18,-3.22,68.05,7.18
422,yakeshi,0,CN,1577670420,93,49.28,120.73,-21.59,4.5
423,high level,90,CA,1577670420,91,58.52,-117.13,-0.4,4.7
424,ati,16,TD,1577670420,19,13.21,18.34,62.08,8.3
425,andili,75,PH,1577670420,70,7.46,125.97,86,4.7
426,makakilo city,1,US,1577670420,69,21.35,-158.09,82.4,16.11
427,belaya gora,0,RU,1577670420,75,68.54,146.19,-31.31,4.83
428,kralendijk,78,BQ,1577670420,78,12.15,-68.27,78.8,11.41
429,ayan,0,IR,1577670420,78,38.23,44.7,17.62,6.49
430,geresk,,,,,,,,
431,bosaso,4,SO,1577670420,76,11.28,49.18,77.63,0.65
432,henties bay,95,NA,1577670420,92,-22.12,14.28,61,3
433,sorkjosen,,,,,,,,
434,hamilton,90,CA,1577670214,100,43.26,-79.87,37.99,25.28
435,alofi,75,NU,1577670421,83,-19.06,-169.92,82.4,13.87
436,tuatapere,57,NZ,1577670421,76,-46.13,167.69,59,21.99
437,rizhao,0,CN,1577670421,56,35.43,119.46,36.3,22.3
438,sambava,98,MG,1577670421,94,-14.27,50.17,71.92,2.04
439,buqayq,,,,,,,,
440,tilichiki,0,RU,1577670421,66,60.47,166.1,-10.61,8.05
441,ozernovskiy,100,RU,1577670421,63,51.5,156.52,28.53,4.32
442,cayenne,78,GF,1577670421,94,4.94,-52.33,77,3.36
443,harij,0,IN,1577670421,38,23.69,71.9,55.15,6.98
444,madang,0,CN,1577670422,42,35.32,102.79,22.03,2.66
445,tongchuan,100,CN,1577670422,47,34.9,108.95,33.8,11.18
446,saryshagan,,,,,,,,
447,christchurch,100,NZ,1577670300,72,-43.53,172.64,64,5.82
448,sur,0,OM,1577670422,80,22.57,59.53,67.37,1.23
449,tutayev,90,RU,1577670422,85,57.89,39.54,23,11.18
450,amahai,97,ID,1577670477,70,-3.31,129,83.03,1.41
451,zyryanovsk,100,KZ,1577670477,65,49.74,84.27,17.24,0.51
452,imeni poliny osipenko,100,RU,1577670478,90,52.42,136.49,-13.18,2.64
453,celendin,100,PE,1577670478,87,-6.87,-78.15,58.84,4.65
454,huancabamba,71,PE,1577670478,98,-5.24,-79.45,52.5,1.57
455,tashtyp,100,RU,1577670478,95,52.8,89.89,2.71,2.66
456,ixtapa,5,MX,1577670305,69,20.71,-105.21,75.2,4.7
457,tual,100,ID,1577670478,70,-5.67,132.75,84.36,8.61
458,umm kaddadah,44,SD,1577670478,27,13.6,26.69,57.31,9.78
459,padang,0,ID,1577670478,65,-0.92,100.36,82.04,1.7
460,empalme,5,MX,1577670478,38,27.96,-110.81,60.8,9.17
461,coquimbo,20,CL,1577670479,87,-29.95,-71.34,59,5.82
462,flinders,33,AU,1577670479,38,-34.58,150.85,89.6,6.93
463,korla,,,,,,,,
464,apagy,0,HU,1577670479,79,47.96,21.93,26.6,11.41
465,luwuk,87,ID,1577670479,72,-0.95,122.79,82.92,3.89
466,khani,40,GE,1577670479,66,41.96,42.96,50,10.29
467,nsawam,1,GH,1577670479,83,5.81,-0.35,82.4,4.7
468,deder,19,ET,1577670479,52,9.31,41.44,58.39,1.68
469,hami,0,CN,1577670479,27,42.84,93.51,22.95,3.22
470,louisbourg,,,,,,,,
471,nam som,7,TH,1577670480,83,17.77,102.19,71.6,4.7
472,fare,100,PF,1577670480,76,-16.7,-151.02,81.81,13.06
473,cabra,0,ES,1577670480,100,37.47,-4.43,45,2.44
474,carutapera,97,BR,1577670480,79,-1.2,-46.02,82.17,15.86
475,tumaco,56,CO,1577670480,83,1.8,-78.82,79.7,17.94
476,port-gentil,100,GA,1577670480,78,-0.72,8.78,82.18,9.71
477,lavrentiya,4,RU,1577670480,86,65.58,-170.99,-9.51,14.32
478,preobrazheniye,100,RU,1577670481,92,42.9,133.91,36.43,3.76
479,nouadhibou,100,MR,1577670481,42,20.93,-17.03,66.2,11.41
480,kharan,0,PK,1577670481,45,28.58,65.42,50.04,1.83
481,podor,100,MR,1577670481,11,16.65,-14.96,69.64,9.95
482,namibe,100,AO,1577670481,88,-15.19,12.15,72.81,8.14
483,sao jose da coroa grande,100,BR,1577670481,77,-8.9,-35.15,79.41,13
484,ola,100,RU,1577670481,74,59.58,151.3,6.39,7.61
485,kyabe,40,TD,1577670482,23,9.45,18.94,65.03,2.95
486,san cristobal,85,HN,1577670482,92,14.68,-86.92,64.85,3.2
487,anadyr,40,RU,1577670482,74,64.73,177.51,-25.01,13.42
488,saleaula,,,,,,,,
489,syzran,81,RU,1577670482,93,53.16,48.47,10.36,5.03
490,fortuna,90,US,1577670482,93,40.6,-124.16,50,4.7
491,show low,1,US,1577670482,78,34.25,-110.03,18,6.06
492,wanning,0,AT,1577670482,92,48.64,13.53,24.01,2.24
493,macae,5,BR,1577670482,100,-22.37,-41.79,73.4,2.24
494,wasilla,75,US,1577670482,68,61.58,-149.44,28.99,12.75
495,aleksandrovka,0,RU,1577670483,95,54.24,50.04,-0.51,3.94
496,colares,0,PT,1577670483,81,38.8,-9.45,55,4.7
497,yar-sale,100,RU,1577670483,78,66.83,70.83,14.04,20.69
498,strezhevoy,4,RU,1577670483,75,60.73,77.6,-16.6,4.47
499,stabat,40,ID,1577670483,88,3.76,98.46,80.6,3.36
500,baykit,84,RU,1577670537,98,61.68,96.39,-22.81,2.39
501,boden,3,SE,1577670537,86,65.83,21.69,39.2,9.17
502,camacha,20,PT,1577670538,93,33.08,-16.33,64.4,4.7
503,kieta,0,PG,1577670538,65,-6.22,155.63,83.8,5.03
504,rocha,67,UY,1577670538,95,-34.48,-54.34,65.55,4.92
505,wladyslawowo,20,PL,1577670538,51,54.79,18.4,39.99,14.99
506,phuntsholing,0,IN,1577670538,32,26.86,89.38,48.51,2.98
507,nanortalik,96,GL,1577670538,67,60.14,-45.24,27.16,9.22
508,hanko,100,FI,1577670538,93,59.83,22.95,41,8.01
509,ye,,,,,,,,
510,ambilobe,100,MG,1577670538,92,-13.19,49.05,75.69,4.32
511,cotofanesti,90,RO,1577670538,86,46.15,26.98,30.2,14.99
512,lukovetskiy,90,RU,1577670538,85,64.29,41.92,23,11.18
513,sibut,40,CF,1577670539,28,5.73,19.09,63.23,1.79
514,thilogne,,,,,,,,
515,sentyabrskiy,,,,,,,,
516,do gonbadan,0,IR,1577670375,81,30.36,50.8,42.8,3.13
517,erzin,75,TR,1577670539,100,36.95,36.2,50,11.41
518,saratov,56,RU,1577670539,76,51.53,46.03,21,6.17
519,narsaq,97,GL,1577670539,85,60.91,-46.05,24.8,3.36
520,kindu,96,CD,1577670539,99,-2.95,25.92,68.09,1.77
521,dalvik,100,SE,1577670539,93,57.79,14.13,41,19.46
522,two rivers,90,US,1577670539,100,44.15,-87.57,46.99,11.27
523,mahon,75,IE,1577670539,100,51.89,-8.4,48.99,13.87
524,penhold,40,CA,1577670540,92,52.13,-113.87,17.6,3.36
525,acapulco,75,MX,1577670540,78,16.86,-99.88,82.4,6.93
526,gualaquiza,90,EC,1577670540,98,-3.4,-78.58,65.21,1.5
527,lakes entrance,4,AU,1577670540,15,-37.88,147.99,108,7
528,kokopo,0,PG,1577670540,72,-4.34,152.27,82.85,4.09
529,jinchang,3,CN,1577670540,54,38.52,102.19,16.3,4.5
530,skovorodino,82,RU,1577670540,90,53.99,123.94,-19.89,4.18
531,abaete,0,BR,1577670540,85,-19.16,-45.45,68.77,3.38
532,nome,1,US,1577670540,67,30.04,-94.42,59,10.29
533,pangody,100,RU,1577670541,91,65.85,74.49,13.3,15.93
534,ascension,,,,,,,,
535,richmond,90,CA,1577670452,87,49.16,-123.14,48.2,5.82
536,nichinan,75,JP,1577670541,87,31.65,131.31,59,3.36
537,hovd,90,NO,1577670541,81,63.83,10.7,48.99,28.86
538,malindi,100,KE,1577670541,93,-3.22,40.12,75.36,7.25
539,bafoulabe,0,ML,1577670541,12,13.81,-10.83,68.36,4.12
540,kununurra,94,AU,1577670541,50,-15.77,128.74,95,6.93
541,dali,100,CN,1577670541,28,34.79,109.94,36.28,4.74
542,cattolica,0,IT,1577670541,93,43.96,12.74,39.99,8.05
543,lorengau,15,PG,1577670542,68,-2.02,147.27,84.33,5.21
544,isangel,75,VU,1577670542,78,-19.55,169.27,82.4,14.99
545,nha trang,20,VN,1577670542,78,12.24,109.19,82.4,8.05
546,keti bandar,0,PK,1577670542,25,24.14,67.45,57.97,12.84
547,yarkovo,90,RU,1577670543,84,54.81,82.6,8.6,4.47
548,pietersburg,,,,,,,,
549,mandalgovi,0,MN,1577670543,72,45.76,106.27,-12.87,9.35
550,buraydah,0,SA,1577670597,58,26.33,43.97,55.4,8.05
551,asyut,0,EG,1577670597,61,27.18,31.19,46.4,9.17
552,kangaba,0,ML,1577670598,18,11.94,-8.41,65.77,4.92
553,esmeraldas,0,BR,1577670440,68,-19.76,-44.31,71.6,10.29
554,rurrenabaque,100,BO,1577670598,98,-14.44,-67.53,72.32,0.56
555,kefamenanu,94,ID,1577670598,52,-9.45,124.48,88.72,4.34
556,palana,0,RU,1577670598,63,59.08,159.95,-0.26,1.9
557,bay city,90,US,1577670598,93,43.59,-83.89,48.2,3.36
558,nguiu,,,,,,,,
559,ailigandi,100,PA,1577670598,97,9.23,-78.02,74.84,3.85
560,tecolutla,60,MX,1577670598,77,17.31,-98.74,62.1,4.34
561,tumannyy,,,,,,,,
562,monrovia,40,LR,1577670599,94,6.33,-10.8,78.8,5.19
563,shelburne,90,CA,1577670599,98,44.08,-80.2,34,6.93
564,labuhan,97,ID,1577670599,61,-2.54,115.51,88.34,3.38
565,karaul,,,,,,,,
566,coihaique,45,CL,1577670599,36,-45.58,-72.07,64.4,8.05
567,tabialan,,,,,,,,
568,cam ranh,20,VN,1577670599,78,11.92,109.15,82.4,8.05
569,merauke,82,ID,1577670599,61,-8.49,140.4,89.13,8.97
570,sibu,75,MY,1577670599,94,2.29,111.83,73.4,3.09
571,palabuhanratu,,,,,,,,
572,garissa,27,KE,1577670599,85,-0.46,39.64,75.67,5.61
573,krasnoufimsk,0,RU,1577670600,89,56.6,57.77,-8.63,1.74
574,itamaraca,40,BR,1577670600,69,-7.75,-34.83,82.4,9.17
575,rio rancho,1,US,1577670600,62,35.27,-106.63,28.99,14.99
576,xichang,0,CN,1577670600,35,27.88,102.25,59,4.88
577,singkang,20,MY,1577670600,74,2.1,102.8,80.6,8.05
578,daru,60,PG,1577670600,73,-9.07,143.21,86.38,5.12
579,rokytne,100,UA,1577670600,94,51.27,27.23,20.57,6.42
580,road town,75,VG,1577670600,83,18.42,-64.62,79,10.29
581,lodja,100,CD,1577670600,99,-3.52,23.6,68.18,1.39
582,zuwarah,56,LY,1577670601,68,32.93,12.08,54.27,20.58
583,ambon,75,FR,1577670601,100,47.55,-2.56,37.99,5.82
584,caico,9,PE,1577670601,75,-17.24,-70.29,36.23,4.85
585,hanstholm,100,DK,1577670601,93,57.12,8.61,46,8.99
586,maraa,90,BR,1577670601,98,-1.83,-65.37,74.39,1.81
587,veraval,55,FR,1577670601,60,49.65,0.71,37.4,4.7
588,xai-xai,70,MZ,1577670601,95,-25.04,33.64,68.29,3.24
589,dicabisagan,0,PH,1577670601,73,17.08,122.42,80.94,5.12
590,vozhega,100,RU,1577670601,90,60.47,40.21,20.43,13.94
591,lesozavodsk,96,RU,1577670602,86,45.47,133.42,3.02,4.18
592,mecca,98,SA,1577670602,70,21.43,39.83,63.7,0.81
593,gulshat,,,,,,,,
594,kimbe,89,PG,1577670602,60,-5.56,150.15,88.47,4.81
595,tsihombe,,,,,,,,
596,kuandian,79,CN,1577670602,72,40.73,124.78,19.76,8.03
597,tunduru,,,,,,,,
598,dangriga,10,BZ,1577670602,88,16.97,-88.23,75,5.99
599,dickson,90,US,1577670602,100,36.08,-87.39,59,15.66
600,kamenka,97,MD,1577670657,90,48.03,28.7,28,6.98
601,kongolo,100,CD,1577670657,99,-5.39,27,68.27,2.64
602,tira sujanpur,73,IN,1577670658,36,31.83,76.5,47.23,1.12
603,vikhorevka,100,RU,1577670658,69,56.12,101.17,-13,2.24
604,bay roberts,90,CA,1577670658,92,47.58,-53.28,32,23.04
605,birjand,0,IR,1577670658,63,32.86,59.22,28.4,4.7
606,neverkino,17,RU,1577670658,95,52.79,46.74,8.89,3.29
607,concepcion,73,CO,1577670658,89,9.56,-73.66,75.74,2.17
608,flin flon,100,CA,1577670658,93,54.77,-101.88,16.38,3.85
609,richards bay,100,ZA,1577670658,88,-28.77,32.06,73.22,18.97
610,ugoofaaru,100,MV,1577670658,78,5.67,73,81.64,16.42
611,khartoum,0,SD,1577670658,21,15.59,32.54,60.8,8.05
612,gazni,,,,,,,,
613,bowen,75,AU,1577670659,66,-20.01,148.25,84.2,14.99
614,bambanglipuro,51,ID,1577670659,66,-7.95,110.28,87.06,2.89
615,hokitika,100,NZ,1577670659,85,-42.72,170.96,60.48,13.56
616,viloco,100,BO,1577670659,83,-16.87,-67.5,44.82,4.59
617,bonney lake,90,US,1577670659,100,47.19,-122.17,48.2,3.06
618,garwa,0,IN,1577670659,42,27.63,81.51,49.05,1.05
619,pskov,100,RU,1577670659,91,57.82,28.33,33.8,11.18
620,eyl,26,SO,1577670659,81,7.98,49.82,78.62,15.52
621,bajo baudo,,,,,,,,
622,magadan,100,RU,1577670660,63,59.56,150.8,11.61,14.32
623,vila franca do campo,20,PT,1577670660,87,37.72,-25.43,50,6.93
624,mount gambier,56,AU,1577670660,17,-37.83,140.78,102.2,19.46
625,liptovsky mikulas,82,SK,1577670660,85,49.08,19.62,24.01,5.82
626,lolua,,,,,,,,
627,vanimo,100,PG,1577670660,72,-2.67,141.3,83.37,9.24
628,hailar,4,CN,1577670660,94,49.2,119.7,-19.48,7.92
629,krasnyy kholm,100,RU,1577670660,80,58.06,37.11,22.21,16.78
630,deshnok,0,IN,1577670661,29,27.8,73.34,48.76,7.47
631,havre,1,US,1577670661,85,48.55,-109.68,15.8,5.82
632,biscarrosse,90,FR,1577670661,100,44.41,-1.18,41,5.82
633,dovers,75,VC,1577670661,88,12.88,-61.18,77,3.36
634,abnub,0,EG,1577670661,61,27.27,31.15,46.4,9.17
635,dongsheng,0,CN,1577670661,68,29.72,112.52,53.04,12.82
